"행정구역별(시군구)","항목","단위","2010 년",
"전국","총인구","","48580293",
"전국","남자","","24167098",
"전국","여자","","24413195",
"전국","총내국인","","47990761",
"전국","남자","","23840896",
"전국","여자","","24149865",
"전국","총외국인","","589532",
"전국","남자","","326202",
"전국","여자","","263330",
"서울특별시","총인구","","9794304",
"서울특별시","남자","","4803373",
"서울특별시","여자","","4990931",
"서울특별시","총내국인","","9631482",
"서울특별시","남자","","4726028",
"서울특별시","여자","","4905454",
"서울특별시","총외국인","","162822",
"서울특별시","남자","","77345",
"서울특별시","여자","","85477",
"종로구","총인구","","155575",
"종로구","남자","","76408",
"종로구","여자","","79167",
"종로구","총내국인","","151069",
"종로구","남자","","74331",
"종로구","여자","","76738",
"종로구","총외국인","","4506",
"종로구","남자","","2077",
"종로구","여자","","2429",
"중구","총인구","","121144",
"중구","남자","","59974",
"중구","여자","","61170",
"중구","총내국인","","117253",
"중구","남자","","58125",
"중구","여자","","59128",
"중구","총외국인","","3891",
"중구","남자","","1849",
"중구","여자","","2042",
"용산구","총인구","","227400",
"용산구","남자","","109321",
"용산구","여자","","118079",
"용산구","총내국인","","217228",
"용산구","남자","","104156",
"용산구","여자","","113072",
"용산구","총외국인","","10172",
"용산구","남자","","5165",
"용산구","여자","","5007",
"성동구","총인구","","296135",
"성동구","남자","","146608",
"성동구","여자","","149527",
"성동구","총내국인","","290277",
"성동구","남자","","143855",
"성동구","여자","","146422",
"성동구","총외국인","","5858",
"성동구","남자","","2753",
"성동구","여자","","3105",
"광진구","총인구","","368021",
"광진구","남자","","179711",
"광진구","여자","","188310",
"광진구","총내국인","","358319",
"광진구","남자","","175344",
"광진구","여자","","182975",
"광진구","총외국인","","9702",
"광진구","남자","","4367",
"광진구","여자","","5335",
"동대문구","총인구","","346770",
"동대문구","남자","","172136",
"동대문구","여자","","174634",
"동대문구","총내국인","","339599",
"동대문구","남자","","168991",
"동대문구","여자","","170608",
"동대문구","총외국인","","7171",
"동대문구","남자","","3145",
"동대문구","여자","","4026",
"중랑구","총인구","","403105",
"중랑구","남자","","198985",
"중랑구","여자","","204120",
"중랑구","총내국인","","400027",
"중랑구","남자","","197674",
"중랑구","여자","","202353",
"중랑구","총외국인","","3078",
"중랑구","남자","","1311",
"중랑구","여자","","1767",
"성북구","총인구","","457570",
"성북구","남자","","223518",
"성북구","여자","","234052",
"성북구","총내국인","","452704",
"성북구","남자","","221374",
"성북구","여자","","231330",
"성북구","총외국인","","4866",
"성북구","남자","","2144",
"성북구","여자","","2722",
"강북구","총인구","","324413",
"강북구","남자","","158689",
"강북구","여자","","165724",
"강북구","총내국인","","322587",
"강북구","남자","","158027",
"강북구","여자","","164560",
"강북구","총외국인","","1826",
"강북구","남자","","662",
"강북구","여자","","1164",
"도봉구","총인구","","348625",
"도봉구","남자","","170761",
"도봉구","여자","","177864",
"도봉구","총내국인","","347220",
"도봉구","남자","","170210",
"도봉구","여자","","177010",
"도봉구","총외국인","","1405",
"도봉구","남자","","551",
"도봉구","여자","","854",
"노원구","총인구","","587248",
"노원구","남자","","286386",
"노원구","여자","","300862",
"노원구","총내국인","","584906",
"노원구","남자","","285461",
"노원구","여자","","299445",
"노원구","총외국인","","2342",
"노원구","남자","","925",
"노원구","여자","","1417",
"은평구","총인구","","450583",
"은평구","남자","","219881",
"은평구","여자","","230702",
"은평구","총내국인","","448112",
"은평구","남자","","218864",
"은평구","여자","","229248",
"은평구","총외국인","","2471",
"은평구","남자","","1017",
"은평구","여자","","1454",
"서대문구","총인구","","313814",
"서대문구","남자","","151125",
"서대문구","여자","","162689",
"서대문구","총내국인","","307562",
"서대문구","남자","","148501",
"서대문구","여자","","159061",
"서대문구","총외국인","","6252",
"서대문구","남자","","2624",
"서대문구","여자","","3628",
"마포구","총인구","","369432",
"마포구","남자","","177353",
"마포구","여자","","192079",
"마포구","총내국인","","363343",
"마포구","남자","","174405",
"마포구","여자","","188938",
"마포구","총외국인","","6089",
"마포구","남자","","2948",
"마포구","여자","","3141",
"양천구","총인구","","469434",
"양천구","남자","","231595",
"양천구","여자","","237839",
"양천구","총내국인","","466456",
"양천구","남자","","230301",
"양천구","여자","","236155",
"양천구","총외국인","","2978",
"양천구","남자","","1294",
"양천구","여자","","1684",
"강서구","총인구","","546938",
"강서구","남자","","267246",
"강서구","여자","","279692",
"강서구","총내국인","","543559",
"강서구","남자","","265856",
"강서구","여자","","277703",
"강서구","총외국인","","3379",
"강서구","남자","","1390",
"강서구","여자","","1989",
"구로구","총인구","","417339",
"구로구","남자","","209430",
"구로구","여자","","207909",
"구로구","총내국인","","401239",
"구로구","남자","","200713",
"구로구","여자","","200526",
"구로구","총외국인","","16100",
"구로구","남자","","8717",
"구로구","여자","","7383",
"금천구","총인구","","242510",
"금천구","남자","","123007",
"금천구","여자","","119503",
"금천구","총내국인","","230447",
"금천구","남자","","116529",
"금천구","여자","","113918",
"금천구","총외국인","","12063",
"금천구","남자","","6478",
"금천구","여자","","5585",
"영등포구","총인구","","396243",
"영등포구","남자","","197600",
"영등포구","여자","","198643",
"영등포구","총내국인","","374543",
"영등포구","남자","","186507",
"영등포구","여자","","188036",
"영등포구","총외국인","","21700",
"영등포구","남자","","11093",
"영등포구","여자","","10607",
"동작구","총인구","","397317",
"동작구","남자","","195641",
"동작구","여자","","201676",
"동작구","총내국인","","390197",
"동작구","남자","","192429",
"동작구","여자","","197768",
"동작구","총외국인","","7120",
"동작구","남자","","3212",
"동작구","여자","","3908",
"관악구","총인구","","520849",
"관악구","남자","","261964",
"관악구","여자","","258885",
"관악구","총내국인","","511185",
"관악구","남자","","257548",
"관악구","여자","","253637",
"관악구","총외국인","","9664",
"관악구","남자","","4416",
"관악구","여자","","5248",
"서초구","총인구","","393270",
"서초구","남자","","188932",
"서초구","여자","","204338",
"서초구","총내국인","","388220",
"서초구","남자","","186678",
"서초구","여자","","201542",
"서초구","총외국인","","5050",
"서초구","남자","","2254",
"서초구","여자","","2796",
"강남구","총인구","","527641",
"강남구","남자","","250957",
"강남구","여자","","276684",
"강남구","총내국인","","522198",
"강남구","남자","","248319",
"강남구","여자","","273879",
"강남구","총외국인","","5443",
"강남구","남자","","2638",
"강남구","여자","","2805",
"송파구","총인구","","646970",
"송파구","남자","","314787",
"송파구","여자","","332183",
"송파구","총내국인","","640732",
"송파구","남자","","311991",
"송파구","여자","","328741",
"송파구","총외국인","","6238",
"송파구","남자","","2796",
"송파구","여자","","3442",
"강동구","총인구","","465958",
"강동구","남자","","231358",
"강동구","여자","","234600",
"강동구","총내국인","","462500",
"강동구","남자","","229839",
"강동구","여자","","232661",
"강동구","총외국인","","3458",
"강동구","남자","","1519",
"강동구","여자","","1939",
"부산광역시","총인구","","3414950",
"부산광역시","남자","","1676689",
"부산광역시","여자","","1738261",
"부산광역시","총내국인","","3393191",
"부산광역시","남자","","1664678",
"부산광역시","여자","","1728513",
"부산광역시","총외국인","","21759",
"부산광역시","남자","","12011",
"부산광역시","여자","","9748",
"중구","총인구","","48197",
"중구","남자","","23626",
"중구","여자","","24571",
"중구","총내국인","","47260",
"중구","남자","","22983",
"중구","여자","","24277",
"중구","총외국인","","937",
"중구","남자","","643",
"중구","여자","","294",
"서구","총인구","","116600",
"서구","남자","","56653",
"서구","여자","","59947",
"서구","총내국인","","116214",
"서구","남자","","56499",
"서구","여자","","59715",
"서구","총외국인","","386",
"서구","남자","","154",
"서구","여자","","232",
"동구","총인구","","93976",
"동구","남자","","45911",
"동구","여자","","48065",
"동구","총내국인","","93256",
"동구","남자","","45559",
"동구","여자","","47697",
"동구","총외국인","","720",
"동구","남자","","352",
"동구","여자","","368",
"영도구","총인구","","139723",
"영도구","남자","","69683",
"영도구","여자","","70040",
"영도구","총내국인","","138808",
"영도구","남자","","69178",
"영도구","여자","","69630",
"영도구","총외국인","","915",
"영도구","남자","","505",
"영도구","여자","","410",
"부산진구","총인구","","380395",
"부산진구","남자","","184779",
"부산진구","여자","","195616",
"부산진구","총내국인","","378965",
"부산진구","남자","","184200",
"부산진구","여자","","194765",
"부산진구","총외국인","","1430",
"부산진구","남자","","579",
"부산진구","여자","","851",
"동래구","총인구","","266147",
"동래구","남자","","129877",
"동래구","여자","","136270",
"동래구","총내국인","","265596",
"동래구","남자","","129666",
"동래구","여자","","135930",
"동래구","총외국인","","551",
"동래구","남자","","211",
"동래구","여자","","340",
"남구","총인구","","293900",
"남구","남자","","144404",
"남구","여자","","149496",
"남구","총내국인","","291406",
"남구","남자","","143351",
"남구","여자","","148055",
"남구","총외국인","","2494",
"남구","남자","","1053",
"남구","여자","","1441",
"북구","총인구","","302141",
"북구","남자","","149659",
"북구","여자","","152482",
"북구","총내국인","","301296",
"북구","남자","","149351",
"북구","여자","","151945",
"북구","총외국인","","845",
"북구","남자","","308",
"북구","여자","","537",
"해운대구","총인구","","410084",
"해운대구","남자","","199000",
"해운대구","여자","","211084",
"해운대구","총내국인","","407851",
"해운대구","남자","","197879",
"해운대구","여자","","209972",
"해운대구","총외국인","","2233",
"해운대구","남자","","1121",
"해운대구","여자","","1112",
"사하구","총인구","","343324",
"사하구","남자","","170402",
"사하구","여자","","172922",
"사하구","총내국인","","340844",
"사하구","남자","","168838",
"사하구","여자","","172006",
"사하구","총외국인","","2480",
"사하구","남자","","1564",
"사하구","여자","","916",
"금정구","총인구","","247333",
"금정구","남자","","121157",
"금정구","여자","","126176",
"금정구","총내국인","","245725",
"금정구","남자","","120363",
"금정구","여자","","125362",
"금정구","총외국인","","1608",
"금정구","남자","","794",
"금정구","여자","","814",
"강서구","총인구","","54347",
"강서구","남자","","28496",
"강서구","여자","","25851",
"강서구","총내국인","","52207",
"강서구","남자","","26615",
"강서구","여자","","25592",
"강서구","총외국인","","2140",
"강서구","남자","","1881",
"강서구","여자","","259",
"연제구","총인구","","202943",
"연제구","남자","","98700",
"연제구","여자","","104243",
"연제구","총내국인","","202523",
"연제구","남자","","98544",
"연제구","여자","","103979",
"연제구","총외국인","","420",
"연제구","남자","","156",
"연제구","여자","","264",
"수영구","총인구","","169814",
"수영구","남자","","81175",
"수영구","여자","","88639",
"수영구","총내국인","","169081",
"수영구","남자","","80845",
"수영구","여자","","88236",
"수영구","총외국인","","733",
"수영구","남자","","330",
"수영구","여자","","403",
"사상구","총인구","","252243",
"사상구","남자","","126970",
"사상구","여자","","125273",
"사상구","총내국인","","249053",
"사상구","남자","","125072",
"사상구","여자","","123981",
"사상구","총외국인","","3190",
"사상구","남자","","1898",
"사상구","여자","","1292",
"기장군","총인구","","93783",
"기장군","남자","","46197",
"기장군","여자","","47586",
"기장군","총내국인","","93106",
"기장군","남자","","45735",
"기장군","여자","","47371",
"기장군","총외국인","","677",
"기장군","남자","","462",
"기장군","여자","","215",
"대구광역시","총인구","","2446418",
"대구광역시","남자","","1212584",
"대구광역시","여자","","1233834",
"대구광역시","총내국인","","2431774",
"대구광역시","남자","","1204428",
"대구광역시","여자","","1227346",
"대구광역시","총외국인","","14644",
"대구광역시","남자","","8156",
"대구광역시","여자","","6488",
"중구","총인구","","72925",
"중구","남자","","35306",
"중구","여자","","37619",
"중구","총내국인","","72399",
"중구","남자","","35050",
"중구","여자","","37349",
"중구","총외국인","","526",
"중구","남자","","256",
"중구","여자","","270",
"동구","총인구","","319754",
"동구","남자","","158015",
"동구","여자","","161739",
"동구","총내국인","","319022",
"동구","남자","","157787",
"동구","여자","","161235",
"동구","총외국인","","732",
"동구","남자","","228",
"동구","여자","","504",
"서구","총인구","","211593",
"서구","남자","","105901",
"서구","여자","","105692",
"서구","총내국인","","210409",
"서구","남자","","105230",
"서구","여자","","105179",
"서구","총외국인","","1184",
"서구","남자","","671",
"서구","여자","","513",
"남구","총인구","","168574",
"남구","남자","","80914",
"남구","여자","","87660",
"남구","총내국인","","167873",
"남구","남자","","80618",
"남구","여자","","87255",
"남구","총외국인","","701",
"남구","남자","","296",
"남구","여자","","405",
"북구","총인구","","453228",
"북구","남자","","226693",
"북구","여자","","226535",
"북구","총내국인","","450218",
"북구","남자","","225171",
"북구","여자","","225047",
"북구","총외국인","","3010",
"북구","남자","","1522",
"북구","여자","","1488",
"수성구","총인구","","445365",
"수성구","남자","","218214",
"수성구","여자","","227151",
"수성구","총내국인","","444119",
"수성구","남자","","217631",
"수성구","여자","","226488",
"수성구","총외국인","","1246",
"수성구","남자","","583",
"수성구","여자","","663",
"달서구","총인구","","605752",
"달서구","남자","","302050",
"달서구","여자","","303702",
"달서구","총내국인","","600509",
"달서구","남자","","298794",
"달서구","여자","","301715",
"달서구","총외국인","","5243",
"달서구","남자","","3256",
"달서구","여자","","1987",
"달성군","총인구","","169227",
"달성군","남자","","85491",
"달성군","여자","","83736",
"달성군","총내국인","","167225",
"달성군","남자","","84147",
"달성군","여자","","83078",
"달성군","총외국인","","2002",
"달성군","남자","","1344",
"달성군","여자","","658",
"인천광역시","총인구","","2662509",
"인천광역시","남자","","1334576",
"인천광역시","여자","","1327933",
"인천광역시","총내국인","","2632035",
"인천광역시","남자","","1315562",
"인천광역시","여자","","1316473",
"인천광역시","총외국인","","30474",
"인천광역시","남자","","19014",
"인천광역시","여자","","11460",
"중구","총인구","","83623",
"중구","남자","","42337",
"중구","여자","","41286",
"중구","총내국인","","81846",
"중구","남자","","41458",
"중구","여자","","40388",
"중구","총외국인","","1777",
"중구","남자","","879",
"중구","여자","","898",
"동구","총인구","","73455",
"동구","남자","","36636",
"동구","여자","","36819",
"동구","총내국인","","72794",
"동구","남자","","36266",
"동구","여자","","36528",
"동구","총외국인","","661",
"동구","남자","","370",
"동구","여자","","291",
"남구","총인구","","416088",
"남구","남자","","209497",
"남구","여자","","206591",
"남구","총내국인","","411756",
"남구","남자","","207139",
"남구","여자","","204617",
"남구","총외국인","","4332",
"남구","남자","","2358",
"남구","여자","","1974",
"연수구","총인구","","277429",
"연수구","남자","","139642",
"연수구","여자","","137787",
"연수구","총내국인","","274352",
"연수구","남자","","137905",
"연수구","여자","","136447",
"연수구","총외국인","","3077",
"연수구","남자","","1737",
"연수구","여자","","1340",
"남동구","총인구","","460750",
"남동구","남자","","229800",
"남동구","여자","","230950",
"남동구","총내국인","","453903",
"남동구","남자","","224735",
"남동구","여자","","229168",
"남동구","총외국인","","6847",
"남동구","남자","","5065",
"남동구","여자","","1782",
"부평구","총인구","","547395",
"부평구","남자","","272182",
"부평구","여자","","275213",
"부평구","총내국인","","542433",
"부평구","남자","","269631",
"부평구","여자","","272802",
"부평구","총외국인","","4962",
"부평구","남자","","2551",
"부평구","여자","","2411",
"계양구","총인구","","336809",
"계양구","남자","","167551",
"계양구","여자","","169258",
"계양구","총내국인","","334970",
"계양구","남자","","166750",
"계양구","여자","","168220",
"계양구","총외국인","","1839",
"계양구","남자","","801",
"계양구","여자","","1038",
"서구","총인구","","395777",
"서구","남자","","201508",
"서구","여자","","194269",
"서구","총내국인","","389057",
"서구","남자","","196367",
"서구","여자","","192690",
"서구","총외국인","","6720",
"서구","남자","","5141",
"서구","여자","","1579",
"강화군","총인구","","56633",
"강화군","남자","","27535",
"강화군","여자","","29098",
"강화군","총내국인","","56423",
"강화군","남자","","27456",
"강화군","여자","","28967",
"강화군","총외국인","","210",
"강화군","남자","","79",
"강화군","여자","","131",
"옹진군","총인구","","14550",
"옹진군","남자","","7888",
"옹진군","여자","","6662",
"옹진군","총내국인","","14501",
"옹진군","남자","","7855",
"옹진군","여자","","6646",
"옹진군","총외국인","","49",
"옹진군","남자","","33",
"옹진군","여자","","16",
"광주광역시","총인구","","1475745",
"광주광역시","남자","","729330",
"광주광역시","여자","","746415",
"광주광역시","총내국인","","1466143",
"광주광역시","남자","","724161",
"광주광역시","여자","","741982",
"광주광역시","총외국인","","9602",
"광주광역시","남자","","5169",
"광주광역시","여자","","4433",
"동구","총인구","","104639",
"동구","남자","","51731",
"동구","여자","","52908",
"동구","총내국인","","103998",
"동구","남자","","51436",
"동구","여자","","52562",
"동구","총외국인","","641",
"동구","남자","","295",
"동구","여자","","346",
"서구","총인구","","305230",
"서구","남자","","150031",
"서구","여자","","155199",
"서구","총내국인","","304469",
"서구","남자","","149737",
"서구","여자","","154732",
"서구","총외국인","","761",
"서구","남자","","294",
"서구","여자","","467",
"남구","총인구","","215270",
"남구","남자","","104220",
"남구","여자","","111050",
"남구","총내국인","","214612",
"남구","남자","","104000",
"남구","여자","","110612",
"남구","총외국인","","658",
"남구","남자","","220",
"남구","여자","","438",
"북구","총인구","","480020",
"북구","남자","","237293",
"북구","여자","","242727",
"북구","총내국인","","477593",
"북구","남자","","236159",
"북구","여자","","241434",
"북구","총외국인","","2427",
"북구","남자","","1134",
"북구","여자","","1293",
"광산구","총인구","","370586",
"광산구","남자","","186055",
"광산구","여자","","184531",
"광산구","총내국인","","365471",
"광산구","남자","","182829",
"광산구","여자","","182642",
"광산구","총외국인","","5115",
"광산구","남자","","3226",
"광산구","여자","","1889",
"대전광역시","총인구","","1501859",
"대전광역시","남자","","750762",
"대전광역시","여자","","751097",
"대전광역시","총내국인","","1490158",
"대전광역시","남자","","745150",
"대전광역시","여자","","745008",
"대전광역시","총외국인","","11701",
"대전광역시","남자","","5612",
"대전광역시","여자","","6089",
"동구","총인구","","246915",
"동구","남자","","123437",
"동구","여자","","123478",
"동구","총내국인","","244344",
"동구","남자","","122354",
"동구","여자","","121990",
"동구","총외국인","","2571",
"동구","남자","","1083",
"동구","여자","","1488",
"중구","총인구","","255486",
"중구","남자","","125699",
"중구","여자","","129787",
"중구","총내국인","","254577",
"중구","남자","","125339",
"중구","여자","","129238",
"중구","총외국인","","909",
"중구","남자","","360",
"중구","여자","","549",
"서구","총인구","","500984",
"서구","남자","","245704",
"서구","여자","","255280",
"서구","총내국인","","498524",
"서구","남자","","244654",
"서구","여자","","253870",
"서구","총외국인","","2460",
"서구","남자","","1050",
"서구","여자","","1410",
"유성구","총인구","","293505",
"유성구","남자","","152136",
"유성구","여자","","141369",
"유성구","총내국인","","289303",
"유성구","남자","","149805",
"유성구","여자","","139498",
"유성구","총외국인","","4202",
"유성구","남자","","2331",
"유성구","여자","","1871",
"대덕구","총인구","","204969",
"대덕구","남자","","103786",
"대덕구","여자","","101183",
"대덕구","총내국인","","203410",
"대덕구","남자","","102998",
"대덕구","여자","","100412",
"대덕구","총외국인","","1559",
"대덕구","남자","","788",
"대덕구","여자","","771",
"울산광역시","총인구","","1082567",
"울산광역시","남자","","557694",
"울산광역시","여자","","524873",
"울산광역시","총내국인","","1071673",
"울산광역시","남자","","550869",
"울산광역시","여자","","520804",
"울산광역시","총외국인","","10894",
"울산광역시","남자","","6825",
"울산광역시","여자","","4069",
"중구","총인구","","222493",
"중구","남자","","113199",
"중구","여자","","109294",
"중구","총내국인","","221373",
"중구","남자","","112739",
"중구","여자","","108634",
"중구","총외국인","","1120",
"중구","남자","","460",
"중구","여자","","660",
"남구","총인구","","335340",
"남구","남자","","171077",
"남구","여자","","164263",
"남구","총내국인","","332617",
"남구","남자","","169544",
"남구","여자","","163073",
"남구","총외국인","","2723",
"남구","남자","","1533",
"남구","여자","","1190",
"동구","총인구","","166297",
"동구","남자","","88150",
"동구","여자","","78147",
"동구","총내국인","","164051",
"동구","남자","","86582",
"동구","여자","","77469",
"동구","총외국인","","2246",
"동구","남자","","1568",
"동구","여자","","678",
"북구","총인구","","169399",
"북구","남자","","88014",
"북구","여자","","81385",
"북구","총내국인","","167821",
"북구","남자","","86986",
"북구","여자","","80835",
"북구","총외국인","","1578",
"북구","남자","","1028",
"북구","여자","","550",
"울주군","총인구","","189038",
"울주군","남자","","97254",
"울주군","여자","","91784",
"울주군","총내국인","","185811",
"울주군","남자","","95018",
"울주군","여자","","90793",
"울주군","총외국인","","3227",
"울주군","남자","","2236",
"울주군","여자","","991",
"경기도","총인구","","11379459",
"경기도","남자","","5705613",
"경기도","여자","","5673846",
"경기도","총내국인","","11196053",
"경기도","남자","","5599570",
"경기도","여자","","5596483",
"경기도","총외국인","","183406",
"경기도","남자","","106043",
"경기도","여자","","77363",
"수원시","총인구","","1071913",
"수원시","남자","","538990",
"수원시","여자","","532923",
"수원시","총내국인","","1054053",
"수원시","남자","","529820",
"수원시","여자","","524233",
"수원시","총외국인","","17860",
"수원시","남자","","9170",
"수원시","여자","","8690",
"성남시","총인구","","949964",
"성남시","남자","","470760",
"성남시","여자","","479204",
"성남시","총내국인","","936267",
"성남시","남자","","464320",
"성남시","여자","","471947",
"성남시","총외국인","","13697",
"성남시","남자","","6440",
"성남시","여자","","7257",
"의정부시","총인구","","417412",
"의정부시","남자","","205500",
"의정부시","여자","","211912",
"의정부시","총내국인","","415170",
"의정부시","남자","","204529",
"의정부시","여자","","210641",
"의정부시","총외국인","","2242",
"의정부시","남자","","971",
"의정부시","여자","","1271",
"안양시","총인구","","602122",
"안양시","남자","","298756",
"안양시","여자","","303366",
"안양시","총내국인","","596772",
"안양시","남자","","296162",
"안양시","여자","","300610",
"안양시","총외국인","","5350",
"안양시","남자","","2594",
"안양시","여자","","2756",
"부천시","총인구","","853039",
"부천시","남자","","423670",
"부천시","여자","","429369",
"부천시","총내국인","","842482",
"부천시","남자","","418314",
"부천시","여자","","424168",
"부천시","총외국인","","10557",
"부천시","남자","","5356",
"부천시","여자","","5201",
"광명시","총인구","","329010",
"광명시","남자","","161990",
"광명시","여자","","167020",
"광명시","총내국인","","326418",
"광명시","남자","","160855",
"광명시","여자","","165563",
"광명시","총외국인","","2592",
"광명시","남자","","1135",
"광명시","여자","","1457",
"평택시","총인구","","388508",
"평택시","남자","","197235",
"평택시","여자","","191273",
"평택시","총내국인","","381731",
"평택시","남자","","193189",
"평택시","여자","","188542",
"평택시","총외국인","","6777",
"평택시","남자","","4046",
"평택시","여자","","2731",
"동두천시","총인구","","91828",
"동두천시","남자","","45499",
"동두천시","여자","","46329",
"동두천시","총내국인","","90433",
"동두천시","남자","","44708",
"동두천시","여자","","45725",
"동두천시","총외국인","","1395",
"동두천시","남자","","791",
"동두천시","여자","","604",
"안산시","총인구","","728775",
"안산시","남자","","373471",
"안산시","여자","","355304",
"안산시","총내국인","","699063",
"안산시","남자","","356059",
"안산시","여자","","343004",
"안산시","총외국인","","29712",
"안산시","남자","","17412",
"안산시","여자","","12300",
"고양시","총인구","","905076",
"고양시","남자","","443323",
"고양시","여자","","461753",
"고양시","총내국인","","897222",
"고양시","남자","","439587",
"고양시","여자","","457635",
"고양시","총외국인","","7854",
"고양시","남자","","3736",
"고양시","여자","","4118",
"과천시","총인구","","66704",
"과천시","남자","","32810",
"과천시","여자","","33894",
"과천시","총내국인","","66319",
"과천시","남자","","32634",
"과천시","여자","","33685",
"과천시","총외국인","","385",
"과천시","남자","","176",
"과천시","여자","","209",
"구리시","총인구","","185550",
"구리시","남자","","91450",
"구리시","여자","","94100",
"구리시","총내국인","","184503",
"구리시","남자","","91003",
"구리시","여자","","93500",
"구리시","총외국인","","1047",
"구리시","남자","","447",
"구리시","여자","","600",
"남양주시","총인구","","529898",
"남양주시","남자","","263646",
"남양주시","여자","","266252",
"남양주시","총내국인","","526639",
"남양주시","남자","","261921",
"남양주시","여자","","264718",
"남양주시","총외국인","","3259",
"남양주시","남자","","1725",
"남양주시","여자","","1534",
"오산시","총인구","","183890",
"오산시","남자","","93430",
"오산시","여자","","90460",
"오산시","총내국인","","180996",
"오산시","남자","","92124",
"오산시","여자","","88872",
"오산시","총외국인","","2894",
"오산시","남자","","1306",
"오산시","여자","","1588",
"시흥시","총인구","","407090",
"시흥시","남자","","214273",
"시흥시","여자","","192817",
"시흥시","총내국인","","393293",
"시흥시","남자","","205262",
"시흥시","여자","","188031",
"시흥시","총외국인","","13797",
"시흥시","남자","","9011",
"시흥시","여자","","4786",
"군포시","총인구","","278083",
"군포시","남자","","138185",
"군포시","여자","","139898",
"군포시","총내국인","","274198",
"군포시","남자","","136179",
"군포시","여자","","138019",
"군포시","총외국인","","3885",
"군포시","남자","","2006",
"군포시","여자","","1879",
"의왕시","총인구","","144501",
"의왕시","남자","","72166",
"의왕시","여자","","72335",
"의왕시","총내국인","","143378",
"의왕시","남자","","71569",
"의왕시","여자","","71809",
"의왕시","총외국인","","1123",
"의왕시","남자","","597",
"의왕시","여자","","526",
"하남시","총인구","","138829",
"하남시","남자","","70034",
"하남시","여자","","68795",
"하남시","총내국인","","137569",
"하남시","남자","","69365",
"하남시","여자","","68204",
"하남시","총외국인","","1260",
"하남시","남자","","669",
"하남시","여자","","591",
"용인시","총인구","","856765",
"용인시","남자","","424383",
"용인시","여자","","432382",
"용인시","총내국인","","847138",
"용인시","남자","","419471",
"용인시","여자","","427667",
"용인시","총외국인","","9627",
"용인시","남자","","4912",
"용인시","여자","","4715",
"파주시","총인구","","328128",
"파주시","남자","","166278",
"파주시","여자","","161850",
"파주시","총내국인","","323955",
"파주시","남자","","163570",
"파주시","여자","","160385",
"파주시","총외국인","","4173",
"파주시","남자","","2708",
"파주시","여자","","1465",
"이천시","총인구","","195175",
"이천시","남자","","96963",
"이천시","여자","","98212",
"이천시","총내국인","","192918",
"이천시","남자","","95643",
"이천시","여자","","97275",
"이천시","총외국인","","2257",
"이천시","남자","","1320",
"이천시","여자","","937",
"안성시","총인구","","179782",
"안성시","남자","","91663",
"안성시","여자","","88119",
"안성시","총내국인","","175824",
"안성시","남자","","89313",
"안성시","여자","","86511",
"안성시","총외국인","","3958",
"안성시","남자","","2350",
"안성시","여자","","1608",
"김포시","총인구","","224350",
"김포시","남자","","114596",
"김포시","여자","","109754",
"김포시","총내국인","","217280",
"김포시","남자","","109124",
"김포시","여자","","108156",
"김포시","총외국인","","7070",
"김포시","남자","","5472",
"김포시","여자","","1598",
"화성시","총인구","","488758",
"화성시","남자","","253385",
"화성시","여자","","235373",
"화성시","총내국인","","474160",
"화성시","남자","","242708",
"화성시","여자","","231452",
"화성시","총외국인","","14598",
"화성시","남자","","10677",
"화성시","여자","","3921",
"광주시","총인구","","228747",
"광주시","남자","","116495",
"광주시","여자","","112252",
"광주시","총내국인","","224269",
"광주시","남자","","113572",
"광주시","여자","","110697",
"광주시","총외국인","","4478",
"광주시","남자","","2923",
"광주시","여자","","1555",
"양주시","총인구","","187911",
"양주시","남자","","95714",
"양주시","여자","","92197",
"양주시","총내국인","","183673",
"양주시","남자","","92489",
"양주시","여자","","91184",
"양주시","총외국인","","4238",
"양주시","남자","","3225",
"양주시","여자","","1013",
"포천시","총인구","","140997",
"포천시","남자","","72813",
"포천시","여자","","68184",
"포천시","총내국인","","136580",
"포천시","남자","","69508",
"포천시","여자","","67072",
"포천시","총외국인","","4417",
"포천시","남자","","3305",
"포천시","여자","","1112",
"여주군","총인구","","101203",
"여주군","남자","","50060",
"여주군","여자","","51143",
"여주군","총내국인","","100052",
"여주군","남자","","49362",
"여주군","여자","","50690",
"여주군","총외국인","","1151",
"여주군","남자","","698",
"여주군","여자","","453",
"연천군","총인구","","41770",
"연천군","남자","","21428",
"연천군","여자","","20342",
"연천군","총내국인","","41295",
"연천군","남자","","21096",
"연천군","여자","","20199",
"연천군","총외국인","","475",
"연천군","남자","","332",
"연천군","여자","","143",
"가평군","총인구","","50879",
"가평군","남자","","25619",
"가평군","여자","","25260",
"가평군","총내국인","","50272",
"가평군","남자","","25381",
"가평군","여자","","24891",
"가평군","총외국인","","607",
"가평군","남자","","238",
"가평군","여자","","369",
"양평군","총인구","","82802",
"양평군","남자","","41028",
"양평군","여자","","41774",
"양평군","총내국인","","82131",
"양평군","남자","","40733",
"양평군","여자","","41398",
"양평군","총외국인","","671",
"양평군","남자","","295",
"양평군","여자","","376",
"강원도","총인구","","1471513",
"강원도","남자","","738399",
"강원도","여자","","733114",
"강원도","총내국인","","1463650",
"강원도","남자","","735075",
"강원도","여자","","728575",
"강원도","총외국인","","7863",
"강원도","남자","","3324",
"강원도","여자","","4539",
"춘천시","총인구","","276232",
"춘천시","남자","","136312",
"춘천시","여자","","139920",
"춘천시","총내국인","","274220",
"춘천시","남자","","135482",
"춘천시","여자","","138738",
"춘천시","총외국인","","2012",
"춘천시","남자","","830",
"춘천시","여자","","1182",
"원주시","총인구","","311449",
"원주시","남자","","155734",
"원주시","여자","","155715",
"원주시","총내국인","","309803",
"원주시","남자","","154928",
"원주시","여자","","154875",
"원주시","총외국인","","1646",
"원주시","남자","","806",
"원주시","여자","","840",
"강릉시","총인구","","218471",
"강릉시","남자","","108806",
"강릉시","여자","","109665",
"강릉시","총내국인","","217481",
"강릉시","남자","","108390",
"강릉시","여자","","109091",
"강릉시","총외국인","","990",
"강릉시","남자","","416",
"강릉시","여자","","574",
"동해시","총인구","","90574",
"동해시","남자","","45999",
"동해시","여자","","44575",
"동해시","총내국인","","90321",
"동해시","남자","","45910",
"동해시","여자","","44411",
"동해시","총외국인","","253",
"동해시","남자","","89",
"동해시","여자","","164",
"태백시","총인구","","51558",
"태백시","남자","","26457",
"태백시","여자","","25101",
"태백시","총내국인","","51400",
"태백시","남자","","26413",
"태백시","여자","","24987",
"태백시","총외국인","","158",
"태백시","남자","","44",
"태백시","여자","","114",
"속초시","총인구","","80791",
"속초시","남자","","39166",
"속초시","여자","","41625",
"속초시","총내국인","","80505",
"속초시","남자","","39038",
"속초시","여자","","41467",
"속초시","총외국인","","286",
"속초시","남자","","128",
"속초시","여자","","158",
"삼척시","총인구","","67454",
"삼척시","남자","","34064",
"삼척시","여자","","33390",
"삼척시","총내국인","","67131",
"삼척시","남자","","33901",
"삼척시","여자","","33230",
"삼척시","총외국인","","323",
"삼척시","남자","","163",
"삼척시","여자","","160",
"홍천군","총인구","","62888",
"홍천군","남자","","31643",
"홍천군","여자","","31245",
"홍천군","총내국인","","62540",
"홍천군","남자","","31527",
"홍천군","여자","","31013",
"홍천군","총외국인","","348",
"홍천군","남자","","116",
"홍천군","여자","","232",
"횡성군","총인구","","37798",
"횡성군","남자","","18646",
"횡성군","여자","","19152",
"횡성군","총내국인","","37497",
"횡성군","남자","","18493",
"횡성군","여자","","19004",
"횡성군","총외국인","","301",
"횡성군","남자","","153",
"횡성군","여자","","148",
"영월군","총인구","","35050",
"영월군","남자","","17526",
"영월군","여자","","17524",
"영월군","총내국인","","34880",
"영월군","남자","","17453",
"영월군","여자","","17427",
"영월군","총외국인","","170",
"영월군","남자","","73",
"영월군","여자","","97",
"평창군","총인구","","37522",
"평창군","남자","","18758",
"평창군","여자","","18764",
"평창군","총내국인","","37349",
"평창군","남자","","18711",
"평창군","여자","","18638",
"평창군","총외국인","","173",
"평창군","남자","","47",
"평창군","여자","","126",
"정선군","총인구","","35980",
"정선군","남자","","18438",
"정선군","여자","","17542",
"정선군","총내국인","","35804",
"정선군","남자","","18396",
"정선군","여자","","17408",
"정선군","총외국인","","176",
"정선군","남자","","42",
"정선군","여자","","134",
"철원군","총인구","","43271",
"철원군","남자","","22300",
"철원군","여자","","20971",
"철원군","총내국인","","43109",
"철원군","남자","","22246",
"철원군","여자","","20863",
"철원군","총외국인","","162",
"철원군","남자","","54",
"철원군","여자","","108",
"화천군","총인구","","22119",
"화천군","남자","","12455",
"화천군","여자","","9664",
"화천군","총내국인","","22015",
"화천군","남자","","12422",
"화천군","여자","","9593",
"화천군","총외국인","","104",
"화천군","남자","","33",
"화천군","여자","","71",
"양구군","총인구","","19363",
"양구군","남자","","10190",
"양구군","여자","","9173",
"양구군","총내국인","","19252",
"양구군","남자","","10163",
"양구군","여자","","9089",
"양구군","총외국인","","111",
"양구군","남자","","27",
"양구군","여자","","84",
"인제군","총인구","","28765",
"인제군","남자","","15300",
"인제군","여자","","13465",
"인제군","총내국인","","28591",
"인제군","남자","","15230",
"인제군","여자","","13361",
"인제군","총외국인","","174",
"인제군","남자","","70",
"인제군","여자","","104",
"고성군","총인구","","26753",
"고성군","남자","","13638",
"고성군","여자","","13115",
"고성군","총내국인","","26458",
"고성군","남자","","13501",
"고성군","여자","","12957",
"고성군","총외국인","","295",
"고성군","남자","","137",
"고성군","여자","","158",
"양양군","총인구","","25475",
"양양군","남자","","12967",
"양양군","여자","","12508",
"양양군","총내국인","","25294",
"양양군","남자","","12871",
"양양군","여자","","12423",
"양양군","총외국인","","181",
"양양군","남자","","96",
"양양군","여자","","85",
"충청북도","총인구","","1512157",
"충청북도","남자","","758214",
"충청북도","여자","","753943",
"충청북도","총내국인","","1495984",
"충청북도","남자","","748622",
"충청북도","여자","","747362",
"충청북도","총외국인","","16173",
"충청북도","남자","","9592",
"충청북도","여자","","6581",
"청주시","총인구","","666924",
"청주시","남자","","332260",
"청주시","여자","","334664",
"청주시","총내국인","","662102",
"청주시","남자","","329906",
"청주시","여자","","332196",
"청주시","총외국인","","4822",
"청주시","남자","","2354",
"청주시","여자","","2468",
"충주시","총인구","","203212",
"충주시","남자","","102103",
"충주시","여자","","101109",
"충주시","총내국인","","201361",
"충주시","남자","","100998",
"충주시","여자","","100363",
"충주시","총외국인","","1851",
"충주시","남자","","1105",
"충주시","여자","","746",
"제천시","총인구","","134698",
"제천시","남자","","67411",
"제천시","여자","","67287",
"제천시","총내국인","","133626",
"제천시","남자","","66910",
"제천시","여자","","66716",
"제천시","총외국인","","1072",
"제천시","남자","","501",
"제천시","여자","","571",
"청원군","총인구","","143762",
"청원군","남자","","72929",
"청원군","여자","","70833",
"청원군","총내국인","","142017",
"청원군","남자","","71849",
"청원군","여자","","70168",
"청원군","총외국인","","1745",
"청원군","남자","","1080",
"청원군","여자","","665",
"보은군","총인구","","30509",
"보은군","남자","","14596",
"보은군","여자","","15913",
"보은군","총내국인","","30311",
"보은군","남자","","14527",
"보은군","여자","","15784",
"보은군","총외국인","","198",
"보은군","남자","","69",
"보은군","여자","","129",
"옥천군","총인구","","49730",
"옥천군","남자","","24509",
"옥천군","여자","","25221",
"옥천군","총내국인","","49295",
"옥천군","남자","","24270",
"옥천군","여자","","25025",
"옥천군","총외국인","","435",
"옥천군","남자","","239",
"옥천군","여자","","196",
"영동군","총인구","","46231",
"영동군","남자","","22618",
"영동군","여자","","23613",
"영동군","총내국인","","45974",
"영동군","남자","","22512",
"영동군","여자","","23462",
"영동군","총외국인","","257",
"영동군","남자","","106",
"영동군","여자","","151",
"진천군","총인구","","61915",
"진천군","남자","","32602",
"진천군","여자","","29313",
"진천군","총내국인","","59324",
"진천군","남자","","30623",
"진천군","여자","","28701",
"진천군","총외국인","","2591",
"진천군","남자","","1979",
"진천군","여자","","612",
"괴산군","총인구","","31392",
"괴산군","남자","","15266",
"괴산군","여자","","16126",
"괴산군","총내국인","","31116",
"괴산군","남자","","15100",
"괴산군","여자","","16016",
"괴산군","총외국인","","276",
"괴산군","남자","","166",
"괴산군","여자","","110",
"음성군","총인구","","84088",
"음성군","남자","","44178",
"음성군","여자","","39910",
"음성군","총내국인","","81645",
"음성군","남자","","42415",
"음성군","여자","","39230",
"음성군","총외국인","","2443",
"음성군","남자","","1763",
"음성군","여자","","680",
"단양군","총인구","","28165",
"단양군","남자","","13887",
"단양군","여자","","14278",
"단양군","총내국인","","28009",
"단양군","남자","","13834",
"단양군","여자","","14175",
"단양군","총외국인","","156",
"단양군","남자","","53",
"단양군","여자","","103",
"증평군","총인구","","31531",
"증평군","남자","","15855",
"증평군","여자","","15676",
"증평군","총내국인","","31204",
"증평군","남자","","15678",
"증평군","여자","","15526",
"증평군","총외국인","","327",
"증평군","남자","","177",
"증평군","여자","","150",
"충청남도","총인구","","2028002",
"충청남도","남자","","1023882",
"충청남도","여자","","1004120",
"충청남도","총내국인","","2000473",
"충청남도","남자","","1007454",
"충청남도","여자","","993019",
"충청남도","총외국인","","27529",
"충청남도","남자","","16428",
"충청남도","여자","","11101",
"천안시","총인구","","574623",
"천안시","남자","","293376",
"천안시","여자","","281247",
"천안시","총내국인","","565201",
"천안시","남자","","287547",
"천안시","여자","","277654",
"천안시","총외국인","","9422",
"천안시","남자","","5829",
"천안시","여자","","3593",
"공주시","총인구","","122153",
"공주시","남자","","59745",
"공주시","여자","","62408",
"공주시","총내국인","","120660",
"공주시","남자","","59058",
"공주시","여자","","61602",
"공주시","총외국인","","1493",
"공주시","남자","","687",
"공주시","여자","","806",
"보령시","총인구","","97770",
"보령시","남자","","48539",
"보령시","여자","","49231",
"보령시","총내국인","","97091",
"보령시","남자","","48142",
"보령시","여자","","48949",
"보령시","총외국인","","679",
"보령시","남자","","397",
"보령시","여자","","282",
"아산시","총인구","","278676",
"아산시","남자","","144119",
"아산시","여자","","134557",
"아산시","총내국인","","272282",
"아산시","남자","","139990",
"아산시","여자","","132292",
"아산시","총외국인","","6394",
"아산시","남자","","4129",
"아산시","여자","","2265",
"서산시","총인구","","156843",
"서산시","남자","","80700",
"서산시","여자","","76143",
"서산시","총내국인","","155082",
"서산시","남자","","79691",
"서산시","여자","","75391",
"서산시","총외국인","","1761",
"서산시","남자","","1009",
"서산시","여자","","752",
"논산시","총인구","","119222",
"논산시","남자","","58483",
"논산시","여자","","60739",
"논산시","총내국인","","117686",
"논산시","남자","","57703",
"논산시","여자","","59983",
"논산시","총외국인","","1536",
"논산시","남자","","780",
"논산시","여자","","756",
"계룡시","총인구","","41528",
"계룡시","남자","","20758",
"계룡시","여자","","20770",
"계룡시","총내국인","","41395",
"계룡시","남자","","20707",
"계룡시","여자","","20688",
"계룡시","총외국인","","133",
"계룡시","남자","","51",
"계룡시","여자","","82",
"금산군","총인구","","52952",
"금산군","남자","","25982",
"금산군","여자","","26970",
"금산군","총내국인","","52442",
"금산군","남자","","25796",
"금산군","여자","","26646",
"금산군","총외국인","","510",
"금산군","남자","","186",
"금산군","여자","","324",
"연기군","총인구","","81447",
"연기군","남자","","41929",
"연기군","여자","","39518",
"연기군","총내국인","","80542",
"연기군","남자","","41371",
"연기군","여자","","39171",
"연기군","총외국인","","905",
"연기군","남자","","558",
"연기군","여자","","347",
"부여군","총인구","","67584",
"부여군","남자","","32552",
"부여군","여자","","35032",
"부여군","총내국인","","67102",
"부여군","남자","","32324",
"부여군","여자","","34778",
"부여군","총외국인","","482",
"부여군","남자","","228",
"부여군","여자","","254",
"서천군","총인구","","53914",
"서천군","남자","","25716",
"서천군","여자","","28198",
"서천군","총내국인","","53620",
"서천군","남자","","25580",
"서천군","여자","","28040",
"서천군","총외국인","","294",
"서천군","남자","","136",
"서천군","여자","","158",
"청양군","총인구","","29755",
"청양군","남자","","14327",
"청양군","여자","","15428",
"청양군","총내국인","","29506",
"청양군","남자","","14214",
"청양군","여자","","15292",
"청양군","총외국인","","249",
"청양군","남자","","113",
"청양군","여자","","136",
"홍성군","총인구","","82811",
"홍성군","남자","","40691",
"홍성군","여자","","42120",
"홍성군","총내국인","","81876",
"홍성군","남자","","40149",
"홍성군","여자","","41727",
"홍성군","총외국인","","935",
"홍성군","남자","","542",
"홍성군","여자","","393",
"예산군","총인구","","77830",
"예산군","남자","","38140",
"예산군","여자","","39690",
"예산군","총내국인","","77209",
"예산군","남자","","37773",
"예산군","여자","","39436",
"예산군","총외국인","","621",
"예산군","남자","","367",
"예산군","여자","","254",
"태안군","총인구","","53888",
"태안군","남자","","26548",
"태안군","여자","","27340",
"태안군","총내국인","","53673",
"태안군","남자","","26437",
"태안군","여자","","27236",
"태안군","총외국인","","215",
"태안군","남자","","111",
"태안군","여자","","104",
"당진군","총인구","","137006",
"당진군","남자","","72277",
"당진군","여자","","64729",
"당진군","총내국인","","135106",
"당진군","남자","","70972",
"당진군","여자","","64134",
"당진군","총외국인","","1900",
"당진군","남자","","1305",
"당진군","여자","","595",
"전라북도","총인구","","1777220",
"전라북도","남자","","872724",
"전라북도","여자","","904496",
"전라북도","총내국인","","1766044",
"전라북도","남자","","867630",
"전라북도","여자","","898414",
"전라북도","총외국인","","11176",
"전라북도","남자","","5094",
"전라북도","여자","","6082",
"전주시","총인구","","649728",
"전주시","남자","","319648",
"전주시","여자","","330080",
"전주시","총내국인","","646512",
"전주시","남자","","318359",
"전주시","여자","","328153",
"전주시","총외국인","","3216",
"전주시","남자","","1289",
"전주시","여자","","1927",
"군산시","총인구","","260546",
"군산시","남자","","132090",
"군산시","여자","","128456",
"군산시","총내국인","","258845",
"군산시","남자","","131212",
"군산시","여자","","127633",
"군산시","총외국인","","1701",
"군산시","남자","","878",
"군산시","여자","","823",
"익산시","총인구","","296366",
"익산시","남자","","146891",
"익산시","여자","","149475",
"익산시","총내국인","","294479",
"익산시","남자","","146026",
"익산시","여자","","148453",
"익산시","총외국인","","1887",
"익산시","남자","","865",
"익산시","여자","","1022",
"정읍시","총인구","","110352",
"정읍시","남자","","53020",
"정읍시","여자","","57332",
"정읍시","총내국인","","109458",
"정읍시","남자","","52472",
"정읍시","여자","","56986",
"정읍시","총외국인","","894",
"정읍시","남자","","548",
"정읍시","여자","","346",
"남원시","총인구","","78770",
"남원시","남자","","37603",
"남원시","여자","","41167",
"남원시","총내국인","","78425",
"남원시","남자","","37473",
"남원시","여자","","40952",
"남원시","총외국인","","345",
"남원시","남자","","130",
"남원시","여자","","215",
"김제시","총인구","","83302",
"김제시","남자","","39989",
"김제시","여자","","43313",
"김제시","총내국인","","82739",
"김제시","남자","","39647",
"김제시","여자","","43092",
"김제시","총외국인","","563",
"김제시","남자","","342",
"김제시","여자","","221",
"완주군","총인구","","83408",
"완주군","남자","","42339",
"완주군","여자","","41069",
"완주군","총내국인","","82041",
"완주군","남자","","41606",
"완주군","여자","","40435",
"완주군","총외국인","","1367",
"완주군","남자","","733",
"완주군","여자","","634",
"진안군","총인구","","20446",
"진안군","남자","","9736",
"진안군","여자","","10710",
"진안군","총내국인","","20318",
"진안군","남자","","9719",
"진안군","여자","","10599",
"진안군","총외국인","","128",
"진안군","남자","","17",
"진안군","여자","","111",
"무주군","총인구","","21827",
"무주군","남자","","10473",
"무주군","여자","","11354",
"무주군","총내국인","","21752",
"무주군","남자","","10459",
"무주군","여자","","11293",
"무주군","총외국인","","75",
"무주군","남자","","14",
"무주군","여자","","61",
"장수군","총인구","","19424",
"장수군","남자","","9197",
"장수군","여자","","10227",
"장수군","총내국인","","19293",
"장수군","남자","","9170",
"장수군","여자","","10123",
"장수군","총외국인","","131",
"장수군","남자","","27",
"장수군","여자","","104",
"임실군","총인구","","23663",
"임실군","남자","","11066",
"임실군","여자","","12597",
"임실군","총내국인","","23490",
"임실군","남자","","11012",
"임실군","여자","","12478",
"임실군","총외국인","","173",
"임실군","남자","","54",
"임실군","여자","","119",
"순창군","총인구","","25241",
"순창군","남자","","11589",
"순창군","여자","","13652",
"순창군","총내국인","","25063",
"순창군","남자","","11565",
"순창군","여자","","13498",
"순창군","총외국인","","178",
"순창군","남자","","24",
"순창군","여자","","154",
"고창군","총인구","","53333",
"고창군","남자","","25156",
"고창군","여자","","28177",
"고창군","총내국인","","53052",
"고창군","남자","","25061",
"고창군","여자","","27991",
"고창군","총외국인","","281",
"고창군","남자","","95",
"고창군","여자","","186",
"부안군","총인구","","50814",
"부안군","남자","","23927",
"부안군","여자","","26887",
"부안군","총내국인","","50577",
"부안군","남자","","23849",
"부안군","여자","","26728",
"부안군","총외국인","","237",
"부안군","남자","","78",
"부안군","여자","","159",
"전라남도","총인구","","1741499",
"전라남도","남자","","852513",
"전라남도","여자","","888986",
"전라남도","총내국인","","1728749",
"전라남도","남자","","845952",
"전라남도","여자","","882797",
"전라남도","총외국인","","12750",
"전라남도","남자","","6561",
"전라남도","여자","","6189",
"목포시","총인구","","249960",
"목포시","남자","","125019",
"목포시","여자","","124941",
"목포시","총내국인","","248694",
"목포시","남자","","124387",
"목포시","여자","","124307",
"목포시","총외국인","","1266",
"목포시","남자","","632",
"목포시","여자","","634",
"여수시","총인구","","269937",
"여수시","남자","","135185",
"여수시","여자","","134752",
"여수시","총내국인","","268727",
"여수시","남자","","134498",
"여수시","여자","","134229",
"여수시","총외국인","","1210",
"여수시","남자","","687",
"여수시","여자","","523",
"순천시","총인구","","258670",
"순천시","남자","","127989",
"순천시","여자","","130681",
"순천시","총내국인","","257800",
"순천시","남자","","127699",
"순천시","여자","","130101",
"순천시","총외국인","","870",
"순천시","남자","","290",
"순천시","여자","","580",
"나주시","총인구","","78679",
"나주시","남자","","37379",
"나주시","여자","","41300",
"나주시","총내국인","","77825",
"나주시","남자","","37000",
"나주시","여자","","40825",
"나주시","총외국인","","854",
"나주시","남자","","379",
"나주시","여자","","475",
"광양시","총인구","","137810",
"광양시","남자","","70957",
"광양시","여자","","66853",
"광양시","총내국인","","137100",
"광양시","남자","","70611",
"광양시","여자","","66489",
"광양시","총외국인","","710",
"광양시","남자","","346",
"광양시","여자","","364",
"담양군","총인구","","41027",
"담양군","남자","","19602",
"담양군","여자","","21425",
"담양군","총내국인","","40726",
"담양군","남자","","19455",
"담양군","여자","","21271",
"담양군","총외국인","","301",
"담양군","남자","","147",
"담양군","여자","","154",
"곡성군","총인구","","27272",
"곡성군","남자","","12569",
"곡성군","여자","","14703",
"곡성군","총내국인","","26975",
"곡성군","남자","","12401",
"곡성군","여자","","14574",
"곡성군","총외국인","","297",
"곡성군","남자","","168",
"곡성군","여자","","129",
"구례군","총인구","","22419",
"구례군","남자","","10420",
"구례군","여자","","11999",
"구례군","총내국인","","22291",
"구례군","남자","","10398",
"구례군","여자","","11893",
"구례군","총외국인","","128",
"구례군","남자","","22",
"구례군","여자","","106",
"고흥군","총인구","","63392",
"고흥군","남자","","29075",
"고흥군","여자","","34317",
"고흥군","총내국인","","63179",
"고흥군","남자","","29021",
"고흥군","여자","","34158",
"고흥군","총외국인","","213",
"고흥군","남자","","54",
"고흥군","여자","","159",
"보성군","총인구","","40166",
"보성군","남자","","18374",
"보성군","여자","","21792",
"보성군","총내국인","","39963",
"보성군","남자","","18332",
"보성군","여자","","21631",
"보성군","총외국인","","203",
"보성군","남자","","42",
"보성군","여자","","161",
"화순군","총인구","","62219",
"화순군","남자","","29465",
"화순군","여자","","32754",
"화순군","총내국인","","61825",
"화순군","남자","","29331",
"화순군","여자","","32494",
"화순군","총외국인","","394",
"화순군","남자","","134",
"화순군","여자","","260",
"장흥군","총인구","","35763",
"장흥군","남자","","16658",
"장흥군","여자","","19105",
"장흥군","총내국인","","35590",
"장흥군","남자","","16605",
"장흥군","여자","","18985",
"장흥군","총외국인","","173",
"장흥군","남자","","53",
"장흥군","여자","","120",
"강진군","총인구","","34204",
"강진군","남자","","15897",
"강진군","여자","","18307",
"강진군","총내국인","","34029",
"강진군","남자","","15839",
"강진군","여자","","18190",
"강진군","총외국인","","175",
"강진군","남자","","58",
"강진군","여자","","117",
"해남군","총인구","","66042",
"해남군","남자","","31344",
"해남군","여자","","34698",
"해남군","총내국인","","65685",
"해남군","남자","","31238",
"해남군","여자","","34447",
"해남군","총외국인","","357",
"해남군","남자","","106",
"해남군","여자","","251",
"영암군","총인구","","58748",
"영암군","남자","","30607",
"영암군","여자","","28141",
"영암군","총내국인","","55665",
"영암군","남자","","28432",
"영암군","여자","","27233",
"영암군","총외국인","","3083",
"영암군","남자","","2175",
"영암군","여자","","908",
"무안군","총인구","","68462",
"무안군","남자","","33340",
"무안군","여자","","35122",
"무안군","총내국인","","67697",
"무안군","남자","","32959",
"무안군","여자","","34738",
"무안군","총외국인","","765",
"무안군","남자","","381",
"무안군","여자","","384",
"함평군","총인구","","30995",
"함평군","남자","","14498",
"함평군","여자","","16497",
"함평군","총내국인","","30770",
"함평군","남자","","14397",
"함평군","여자","","16373",
"함평군","총외국인","","225",
"함평군","남자","","101",
"함평군","여자","","124",
"영광군","총인구","","48663",
"영광군","남자","","23257",
"영광군","여자","","25406",
"영광군","총내국인","","48432",
"영광군","남자","","23178",
"영광군","여자","","25254",
"영광군","총외국인","","231",
"영광군","남자","","79",
"영광군","여자","","152",
"장성군","총인구","","38507",
"장성군","남자","","18862",
"장성군","여자","","19645",
"장성군","총내국인","","37899",
"장성군","남자","","18448",
"장성군","여자","","19451",
"장성군","총외국인","","608",
"장성군","남자","","414",
"장성군","여자","","194",
"완도군","총인구","","46777",
"완도군","남자","","22454",
"완도군","여자","","24323",
"완도군","총내국인","","46476",
"완도군","남자","","22306",
"완도군","여자","","24170",
"완도군","총외국인","","301",
"완도군","남자","","148",
"완도군","여자","","153",
"진도군","총인구","","28565",
"진도군","남자","","13337",
"진도군","여자","","15228",
"진도군","총내국인","","28414",
"진도군","남자","","13302",
"진도군","여자","","15112",
"진도군","총외국인","","151",
"진도군","남자","","35",
"진도군","여자","","116",
"신안군","총인구","","33222",
"신안군","남자","","16225",
"신안군","여자","","16997",
"신안군","총내국인","","32987",
"신안군","남자","","16115",
"신안군","여자","","16872",
"신안군","총외국인","","235",
"신안군","남자","","110",
"신안군","여자","","125",
"경상북도","총인구","","2600032",
"경상북도","남자","","1296071",
"경상북도","여자","","1303961",
"경상북도","총내국인","","2575370",
"경상북도","남자","","1281510",
"경상북도","여자","","1293860",
"경상북도","총외국인","","24662",
"경상북도","남자","","14561",
"경상북도","여자","","10101",
"포항시","총인구","","511390",
"포항시","남자","","260124",
"포항시","여자","","251266",
"포항시","총내국인","","508736",
"포항시","남자","","258710",
"포항시","여자","","250026",
"포항시","총외국인","","2654",
"포항시","남자","","1414",
"포항시","여자","","1240",
"경주시","총인구","","256150",
"경주시","남자","","127642",
"경주시","여자","","128508",
"경주시","총내국인","","252750",
"경주시","남자","","125267",
"경주시","여자","","127483",
"경주시","총외국인","","3400",
"경주시","남자","","2375",
"경주시","여자","","1025",
"김천시","총인구","","127889",
"김천시","남자","","62390",
"김천시","여자","","65499",
"김천시","총내국인","","126823",
"김천시","남자","","61842",
"김천시","여자","","64981",
"김천시","총외국인","","1066",
"김천시","남자","","548",
"김천시","여자","","518",
"안동시","총인구","","166197",
"안동시","남자","","81055",
"안동시","여자","","85142",
"안동시","총내국인","","165399",
"안동시","남자","","80758",
"안동시","여자","","84641",
"안동시","총외국인","","798",
"안동시","남자","","297",
"안동시","여자","","501",
"구미시","총인구","","402607",
"구미시","남자","","207089",
"구미시","여자","","195518",
"구미시","총내국인","","399019",
"구미시","남자","","205107",
"구미시","여자","","193912",
"구미시","총외국인","","3588",
"구미시","남자","","1982",
"구미시","여자","","1606",
"영주시","총인구","","108888",
"영주시","남자","","53692",
"영주시","여자","","55196",
"영주시","총내국인","","108268",
"영주시","남자","","53447",
"영주시","여자","","54821",
"영주시","총외국인","","620",
"영주시","남자","","245",
"영주시","여자","","375",
"영천시","총인구","","95256",
"영천시","남자","","47052",
"영천시","여자","","48204",
"영천시","총내국인","","94350",
"영천시","남자","","46401",
"영천시","여자","","47949",
"영천시","총외국인","","906",
"영천시","남자","","651",
"영천시","여자","","255",
"상주시","총인구","","98103",
"상주시","남자","","47403",
"상주시","여자","","50700",
"상주시","총내국인","","97559",
"상주시","남자","","47192",
"상주시","여자","","50367",
"상주시","총외국인","","544",
"상주시","남자","","211",
"상주시","여자","","333",
"문경시","총인구","","69021",
"문경시","남자","","33316",
"문경시","여자","","35705",
"문경시","총내국인","","68692",
"문경시","남자","","33180",
"문경시","여자","","35512",
"문경시","총외국인","","329",
"문경시","남자","","136",
"문경시","여자","","193",
"경산시","총인구","","266036",
"경산시","남자","","134391",
"경산시","여자","","131645",
"경산시","총내국인","","260643",
"경산시","남자","","131087",
"경산시","여자","","129556",
"경산시","총외국인","","5393",
"경산시","남자","","3304",
"경산시","여자","","2089",
"군위군","총인구","","19993",
"군위군","남자","","9470",
"군위군","여자","","10523",
"군위군","총내국인","","19794",
"군위군","남자","","9335",
"군위군","여자","","10459",
"군위군","총외국인","","199",
"군위군","남자","","135",
"군위군","여자","","64",
"의성군","총인구","","51247",
"의성군","남자","","23726",
"의성군","여자","","27521",
"의성군","총내국인","","51024",
"의성군","남자","","23619",
"의성군","여자","","27405",
"의성군","총외국인","","223",
"의성군","남자","","107",
"의성군","여자","","116",
"청송군","총인구","","24008",
"청송군","남자","","11529",
"청송군","여자","","12479",
"청송군","총내국인","","23930",
"청송군","남자","","11515",
"청송군","여자","","12415",
"청송군","총외국인","","78",
"청송군","남자","","14",
"청송군","여자","","64",
"영양군","총인구","","16540",
"영양군","남자","","7751",
"영양군","여자","","8789",
"영양군","총내국인","","16453",
"영양군","남자","","7740",
"영양군","여자","","8713",
"영양군","총외국인","","87",
"영양군","남자","","11",
"영양군","여자","","76",
"영덕군","총인구","","36428",
"영덕군","남자","","16831",
"영덕군","여자","","19597",
"영덕군","총내국인","","36220",
"영덕군","남자","","16723",
"영덕군","여자","","19497",
"영덕군","총외국인","","208",
"영덕군","남자","","108",
"영덕군","여자","","100",
"청도군","총인구","","38228",
"청도군","남자","","17639",
"청도군","여자","","20589",
"청도군","총내국인","","37935",
"청도군","남자","","17506",
"청도군","여자","","20429",
"청도군","총외국인","","293",
"청도군","남자","","133",
"청도군","여자","","160",
"고령군","총인구","","31817",
"고령군","남자","","15840",
"고령군","여자","","15977",
"고령군","총내국인","","31000",
"고령군","남자","","15195",
"고령군","여자","","15805",
"고령군","총외국인","","817",
"고령군","남자","","645",
"고령군","여자","","172",
"성주군","총인구","","36859",
"성주군","남자","","17862",
"성주군","여자","","18997",
"성주군","총내국인","","36319",
"성주군","남자","","17480",
"성주군","여자","","18839",
"성주군","총외국인","","540",
"성주군","남자","","382",
"성주군","여자","","158",
"칠곡군","총인구","","114246",
"칠곡군","남자","","58668",
"칠곡군","여자","","55578",
"칠곡군","총내국인","","112104",
"칠곡군","남자","","57185",
"칠곡군","여자","","54919",
"칠곡군","총외국인","","2142",
"칠곡군","남자","","1483",
"칠곡군","여자","","659",
"예천군","총인구","","43015",
"예천군","남자","","20323",
"예천군","여자","","22692",
"예천군","총내국인","","42757",
"예천군","남자","","20264",
"예천군","여자","","22493",
"예천군","총외국인","","258",
"예천군","남자","","59",
"예천군","여자","","199",
"봉화군","총인구","","31242",
"봉화군","남자","","15255",
"봉화군","여자","","15987",
"봉화군","총내국인","","31081",
"봉화군","남자","","15201",
"봉화군","여자","","15880",
"봉화군","총외국인","","161",
"봉화군","남자","","54",
"봉화군","여자","","107",
"울진군","총인구","","47108",
"울진군","남자","","23025",
"울진군","여자","","24083",
"울진군","총내국인","","46777",
"울진군","남자","","22768",
"울진군","여자","","24009",
"울진군","총외국인","","331",
"울진군","남자","","257",
"울진군","여자","","74",
"울릉군","총인구","","7764",
"울릉군","남자","","3998",
"울릉군","여자","","3766",
"울릉군","총내국인","","7737",
"울릉군","남자","","3988",
"울릉군","여자","","3749",
"울릉군","총외국인","","27",
"울릉군","남자","","10",
"울릉군","여자","","17",
"경상남도","총인구","","3160154",
"경상남도","남자","","1591430",
"경상남도","여자","","1568724",
"경상남도","총내국인","","3119571",
"경상남도","남자","","1562686",
"경상남도","여자","","1556885",
"경상남도","총외국인","","40583",
"경상남도","남자","","28744",
"경상남도","여자","","11839",
"진주시","총인구","","337896",
"진주시","남자","","167005",
"진주시","여자","","170891",
"진주시","총내국인","","335297",
"진주시","남자","","165447",
"진주시","여자","","169850",
"진주시","총외국인","","2599",
"진주시","남자","","1558",
"진주시","여자","","1041",
"통영시","총인구","","129366",
"통영시","남자","","65858",
"통영시","여자","","63508",
"통영시","총내국인","","127896",
"통영시","남자","","64908",
"통영시","여자","","62988",
"통영시","총외국인","","1470",
"통영시","남자","","950",
"통영시","여자","","520",
"사천시","총인구","","107524",
"사천시","남자","","53890",
"사천시","여자","","53634",
"사천시","총내국인","","106175",
"사천시","남자","","52924",
"사천시","여자","","53251",
"사천시","총외국인","","1349",
"사천시","남자","","966",
"사천시","여자","","383",
"김해시","총인구","","494510",
"김해시","남자","","250799",
"김해시","여자","","243711",
"김해시","총내국인","","484244",
"김해시","남자","","242884",
"김해시","여자","","241360",
"김해시","총외국인","","10266",
"김해시","남자","","7915",
"김해시","여자","","2351",
"밀양시","총인구","","99128",
"밀양시","남자","","47570",
"밀양시","여자","","51558",
"밀양시","총내국인","","98564",
"밀양시","남자","","47272",
"밀양시","여자","","51292",
"밀양시","총외국인","","564",
"밀양시","남자","","298",
"밀양시","여자","","266",
"거제시","총인구","","231271",
"거제시","남자","","125850",
"거제시","여자","","105421",
"거제시","총내국인","","225014",
"거제시","남자","","121140",
"거제시","여자","","103874",
"거제시","총외국인","","6257",
"거제시","남자","","4710",
"거제시","여자","","1547",
"양산시","총인구","","252507",
"양산시","남자","","126503",
"양산시","여자","","126004",
"양산시","총내국인","","249529",
"양산시","남자","","124434",
"양산시","여자","","125095",
"양산시","총외국인","","2978",
"양산시","남자","","2069",
"양산시","여자","","909",
"창원시","총인구","","1058021",
"창원시","남자","","539958",
"창원시","여자","","518063",
"창원시","총내국인","","1047488",
"창원시","남자","","532588",
"창원시","여자","","514900",
"창원시","총외국인","","10533",
"창원시","남자","","7370",
"창원시","여자","","3163",
"의령군","총인구","","25602",
"의령군","남자","","11892",
"의령군","여자","","13710",
"의령군","총내국인","","25249",
"의령군","남자","","11652",
"의령군","여자","","13597",
"의령군","총외국인","","353",
"의령군","남자","","240",
"의령군","여자","","113",
"함안군","총인구","","60794",
"함안군","남자","","30434",
"함안군","여자","","30360",
"함안군","총내국인","","59330",
"함안군","남자","","29250",
"함안군","여자","","30080",
"함안군","총외국인","","1464",
"함안군","남자","","1184",
"함안군","여자","","280",
"창녕군","총인구","","55189",
"창녕군","남자","","26148",
"창녕군","여자","","29041",
"창녕군","총내국인","","54580",
"창녕군","남자","","25720",
"창녕군","여자","","28860",
"창녕군","총외국인","","609",
"창녕군","남자","","428",
"창녕군","여자","","181",
"고성군","총인구","","51703",
"고성군","남자","","25831",
"고성군","여자","","25872",
"고성군","총내국인","","51026",
"고성군","남자","","25340",
"고성군","여자","","25686",
"고성군","총외국인","","677",
"고성군","남자","","491",
"고성군","여자","","186",
"남해군","총인구","","43919",
"남해군","남자","","20312",
"남해군","여자","","23607",
"남해군","총내국인","","43599",
"남해군","남자","","20158",
"남해군","여자","","23441",
"남해군","총외국인","","320",
"남해군","남자","","154",
"남해군","여자","","166",
"하동군","총인구","","41862",
"하동군","남자","","19623",
"하동군","여자","","22239",
"하동군","총내국인","","41668",
"하동군","남자","","19568",
"하동군","여자","","22100",
"하동군","총외국인","","194",
"하동군","남자","","55",
"하동군","여자","","139",
"산청군","총인구","","31898",
"산청군","남자","","14882",
"산청군","여자","","17016",
"산청군","총내국인","","31712",
"산청군","남자","","14802",
"산청군","여자","","16910",
"산청군","총외국인","","186",
"산청군","남자","","80",
"산청군","여자","","106",
"함양군","총인구","","38002",
"함양군","남자","","17728",
"함양군","여자","","20274",
"함양군","총내국인","","37729",
"함양군","남자","","17608",
"함양군","여자","","20121",
"함양군","총외국인","","273",
"함양군","남자","","120",
"함양군","여자","","153",
"거창군","총인구","","57323",
"거창군","남자","","27333",
"거창군","여자","","29990",
"거창군","총내국인","","57085",
"거창군","남자","","27256",
"거창군","여자","","29829",
"거창군","총외국인","","238",
"거창군","남자","","77",
"거창군","여자","","161",
"합천군","총인구","","43639",
"합천군","남자","","19814",
"합천군","여자","","23825",
"합천군","총내국인","","43386",
"합천군","남자","","19735",
"합천군","여자","","23651",
"합천군","총외국인","","253",
"합천군","남자","","79",
"합천군","여자","","174",
"제주특별자치도","총인구","","531905",
"제주특별자치도","남자","","263244",
"제주특별자치도","여자","","268661",
"제주특별자치도","총내국인","","528411",
"제주특별자치도","남자","","261521",
"제주특별자치도","여자","","266890",
"제주특별자치도","총외국인","","3494",
"제주특별자치도","남자","","1723",
"제주특별자치도","여자","","1771",
"제주시","총인구","","401192",
"제주시","남자","","198542",
"제주시","여자","","202650",
"제주시","총내국인","","398677",
"제주시","남자","","197356",
"제주시","여자","","201321",
"제주시","총외국인","","2515",
"제주시","남자","","1186",
"제주시","여자","","1329",
"서귀포시","총인구","","130713",
"서귀포시","남자","","64702",
"서귀포시","여자","","66011",
"서귀포시","총내국인","","129734",
"서귀포시","남자","","64165",
"서귀포시","여자","","65569",
"서귀포시","총외국인","","979",
"서귀포시","남자","","537",
"서귀포시","여자","","442",
